customer_id,customer_name,email,country,signup_date
C0001,Customer 1,customer1@example.com,Canada,2023-01-02
C0002,Customer 2,customer2@example.com,UK,2023-01-03
C0003,Customer 3,customer3@example.com,Germany,2023-01-04
C0004,Customer 4,customer4@example.com,France,2023-01-05
C0005,Customer 5,customer5@example.com,USA,2023-01-06
C0006,Customer 6,customer6@example.com,Canada,2023-01-07
C0007,Customer 7,customer7@example.com,UK,2023-01-08
C0008,Customer 8,customer8@example.com,Germany,2023-01-09
C0009,Customer 9,customer9@example.com,France,2023-01-10
C0010,Customer 10,customer10@example.com,USA,2023-01-11
C0011,Customer 11,customer11@example.com,Canada,2023-01-12
C0012,Customer 12,customer12@example.com,UK,2023-01-13
C0013,Customer 13,customer13@example.com,Germany,2023-01-14
C0014,Customer 14,customer14@example.com,France,2023-01-15
C0015,Customer 15,customer15@example.com,USA,2023-01-16
C0016,Customer 16,customer16@example.com,Canada,2023-01-17
C0017,Customer 17,customer17@example.com,UK,2023-01-18
C0018,Customer 18,customer18@example.com,Germany,2023-01-19
C0019,Customer 19,customer19@example.com,France,2023-01-20
C0020,Customer 20,customer20@example.com,USA,2023-01-21
C0021,Customer 21,customer21@example.com,Canada,2023-01-22
C0022,Customer 22,customer22@example.com,UK,2023-01-23
C0023,Customer 23,customer23@example.com,Germany,2023-01-24
C0024,Customer 24,customer24@example.com,France,2023-01-25
C0025,Customer 25,customer25@example.com,USA,2023-01-26
C0026,Customer 26,customer26@example.com,Canada,2023-01-27
C0027,Customer 27,customer27@example.com,UK,2023-01-28
C0028,Customer 28,customer28@example.com,Germany,2023-01-29
C0029,Customer 29,customer29@example.com,France,2023-01-30
C0030,Customer 30,customer30@example.com,USA,2023-01-31
C0031,Customer 31,customer31@example.com,Canada,2023-02-01
C0032,Customer 32,customer32@example.com,UK,2023-02-02
C0033,Customer 33,customer33@example.com,Germany,2023-02-03
C0034,Customer 34,customer34@example.com,France,2023-02-04
C0035,Customer 35,customer35@example.com,USA,2023-02-05
C0036,Customer 36,customer36@example.com,Canada,2023-02-06
C0037,Customer 37,customer37@example.com,UK,2023-02-07
C0038,Customer 38,customer38@example.com,Germany,2023-02-08
C0039,Customer 39,customer39@example.com,France,2023-02-09
C0040,Customer 40,customer40@example.com,USA,2023-02-10
C0041,Customer 41,customer41@example.com,Canada,2023-02-11
C0042,Customer 42,customer42@example.com,UK,2023-02-12
C0043,Customer 43,customer43@example.com,Germany,2023-02-13
C0044,Customer 44,customer44@example.com,France,2023-02-14
C0045,Customer 45,customer45@example.com,USA,2023-02-15
C0046,Customer 46,customer46@example.com,Canada,2023-02-16
C0047,Customer 47,customer47@example.com,UK,2023-02-17
C0048,Customer 48,customer48@example.com,Germany,2023-02-18
C0049,Customer 49,customer49@example.com,France,2023-02-19
C0050,Customer 50,customer50@example.com,USA,2023-02-20
C0051,Customer 51,customer51@example.com,Canada,2023-02-21
C0052,Customer 52,customer52@example.com,UK,2023-02-22
C0053,Customer 53,customer53@example.com,Germany,2023-02-23
C0054,Customer 54,customer54@example.com,France,2023-02-24
C0055,Customer 55,customer55@example.com,USA,2023-02-25
C0056,Customer 56,customer56@example.com,Canada,2023-02-26
C0057,Customer 57,customer57@example.com,UK,2023-02-27
C0058,Customer 58,customer58@example.com,Germany,2023-02-28
C0059,Customer 59,customer59@example.com,France,2023-03-01
C0060,Customer 60,customer60@example.com,USA,2023-03-02
C0061,Customer 61,customer61@example.com,Canada,2023-03-03
C0062,Customer 62,customer62@example.com,UK,2023-03-04
C0063,Customer 63,customer63@example.com,Germany,2023-03-05
C0064,Customer 64,customer64@example.com,France,2023-03-06
C0065,Customer 65,customer65@example.com,USA,2023-03-07
C0066,Customer 66,customer66@example.com,Canada,2023-03-08
C0067,Customer 67,customer67@example.com,UK,2023-03-09
C0068,Customer 68,customer68@example.com,Germany,2023-03-10
C0069,Customer 69,customer69@example.com,France,2023-03-11
C0070,Customer 70,customer70@example.com,USA,2023-03-12
C0071,Customer 71,customer71@example.com,Canada,2023-03-13
C0072,Customer 72,customer72@example.com,UK,2023-03-14
C0073,Customer 73,customer73@example.com,Germany,2023-03-15
C0074,Customer 74,customer74@example.com,France,2023-03-16
C0075,Customer 75,customer75@example.com,USA,2023-03-17
C0076,Customer 76,customer76@example.com,Canada,2023-03-18
C0077,Customer 77,customer77@example.com,UK,2023-03-19
C0078,Customer 78,customer78@example.com,Germany,2023-03-20
C0079,Customer 79,customer79@example.com,France,2023-03-21
C0080,Customer 80,customer80@example.com,USA,2023-03-22
C0081,Customer 81,customer81@example.com,Canada,2023-03-23
C0082,Customer 82,customer82@example.com,UK,2023-03-24
C0083,Customer 83,customer83@example.com,Germany,2023-03-25
C0084,Customer 84,customer84@example.com,France,2023-03-26
C0085,Customer 85,customer85@example.com,USA,2023-03-27
C0086,Customer 86,customer86@example.com,Canada,2023-03-28
C0087,Customer 87,customer87@example.com,UK,2023-03-29
C0088,Customer 88,customer88@example.com,Germany,2023-03-30
C0089,Customer 89,customer89@example.com,France,2023-03-31
C0090,Customer 90,customer90@example.com,USA,2023-04-01
C0091,Customer 91,customer91@example.com,Canada,2023-04-02
C0092,Customer 92,customer92@example.com,UK,2023-04-03
C0093,Customer 93,customer93@example.com,Germany,2023-04-04
C0094,Customer 94,customer94@example.com,France,2023-04-05
C0095,Customer 95,customer95@example.com,USA,2023-04-06
C0096,Customer 96,customer96@example.com,Canada,2023-04-07
C0097,Customer 97,customer97@example.com,UK,2023-04-08
C0098,Customer 98,customer98@example.com,Germany,2023-04-09
C0099,Customer 99,customer99@example.com,France,2023-04-10
C0100,Customer 100,customer100@example.com,USA,2023-04-11
C0101,Customer 101,customer101@example.com,Canada,2023-04-12
C0102,Customer 102,customer102@example.com,UK,2023-04-13
C0103,Customer 103,customer103@example.com,Germany,2023-04-14
C0104,Customer 104,customer104@example.com,France,2023-04-15
C0105,Customer 105,customer105@example.com,USA,2023-04-16
C0106,Customer 106,customer106@example.com,Canada,2023-04-17
C0107,Customer 107,customer107@example.com,UK,2023-04-18
C0108,Customer 108,customer108@example.com,Germany,2023-04-19
C0109,Customer 109,customer109@example.com,France,2023-04-20
C0110,Customer 110,customer110@example.com,USA,2023-04-21
C0111,Customer 111,customer111@example.com,Canada,2023-04-22
C0112,Customer 112,customer112@example.com,UK,2023-04-23
C0113,Customer 113,customer113@example.com,Germany,2023-04-24
C0114,Customer 114,customer114@example.com,France,2023-04-25
C0115,Customer 115,customer115@example.com,USA,2023-04-26
C0116,Customer 116,customer116@example.com,Canada,2023-04-27
C0117,Customer 117,customer117@example.com,UK,2023-04-28
C0118,Customer 118,customer118@example.com,Germany,2023-04-29
C0119,Customer 119,customer119@example.com,France,2023-04-30
C0120,Customer 120,customer120@example.com,USA,2023-05-01
C0121,Customer 121,customer121@example.com,Canada,2023-05-02
C0122,Customer 122,customer122@example.com,UK,2023-05-03
C0123,Customer 123,customer123@example.com,Germany,2023-05-04
C0124,Customer 124,customer124@example.com,France,2023-05-05
C0125,Customer 125,customer125@example.com,USA,2023-05-06
C0126,Customer 126,customer126@example.com,Canada,2023-05-07
C0127,Customer 127,customer127@example.com,UK,2023-05-08
C0128,Customer 128,customer128@example.com,Germany,2023-05-09
C0129,Customer 129,customer129@example.com,France,2023-05-10
C0130,Customer 130,customer130@example.com,USA,2023-05-11
C0131,Customer 131,customer131@example.com,Canada,2023-05-12
C0132,Customer 132,customer132@example.com,UK,2023-05-13
C0133,Customer 133,customer133@example.com,Germany,2023-05-14
C0134,Customer 134,customer134@example.com,France,2023-05-15
C0135,Customer 135,customer135@example.com,USA,2023-05-16
C0136,Customer 136,customer136@example.com,Canada,2023-05-17
C0137,Customer 137,customer137@example.com,UK,2023-05-18
C0138,Customer 138,customer138@example.com,Germany,2023-05-19
C0139,Customer 139,customer139@example.com,France,2023-05-20
C0140,Customer 140,customer140@example.com,USA,2023-05-21
C0141,Customer 141,customer141@example.com,Canada,2023-05-22
C0142,Customer 142,customer142@example.com,UK,2023-05-23
C0143,Customer 143,customer143@example.com,Germany,2023-05-24
C0144,Customer 144,customer144@example.com,France,2023-05-25
C0145,Customer 145,customer145@example.com,USA,2023-05-26
C0146,Customer 146,customer146@example.com,Canada,2023-05-27
C0147,Customer 147,customer147@example.com,UK,2023-05-28
C0148,Customer 148,customer148@example.com,Germany,2023-05-29
C0149,Customer 149,customer149@example.com,France,2023-05-30
C0150,Customer 150,customer150@example.com,USA,2023-05-31
C0151,Customer 151,customer151@example.com,Canada,2023-06-01
C0152,Customer 152,customer152@example.com,UK,2023-06-02
C0153,Customer 153,customer153@example.com,Germany,2023-06-03
C0154,Customer 154,customer154@example.com,France,2023-06-04
C0155,Customer 155,customer155@example.com,USA,2023-06-05
C0156,Customer 156,customer156@example.com,Canada,2023-06-06
C0157,Customer 157,customer157@example.com,UK,2023-06-07
C0158,Customer 158,customer158@example.com,Germany,2023-06-08
C0159,Customer 159,customer159@example.com,France,2023-06-09
C0160,Customer 160,customer160@example.com,USA,2023-06-10
C0161,Customer 161,customer161@example.com,Canada,2023-06-11
C0162,Customer 162,customer162@example.com,UK,2023-06-12
C0163,Customer 163,customer163@example.com,Germany,2023-06-13
C0164,Customer 164,customer164@example.com,France,2023-06-14
C0165,Customer 165,customer165@example.com,USA,2023-06-15
C0166,Customer 166,customer166@example.com,Canada,2023-06-16
C0167,Customer 167,customer167@example.com,UK,2023-06-17
C0168,Customer 168,customer168@example.com,Germany,2023-06-18
C0169,Customer 169,customer169@example.com,France,2023-06-19
C0170,Customer 170,customer170@example.com,USA,2023-06-20
C0171,Customer 171,customer171@example.com,Canada,2023-06-21
C0172,Customer 172,customer172@example.com,UK,2023-06-22
C0173,Customer 173,customer173@example.com,Germany,2023-06-23
C0174,Customer 174,customer174@example.com,France,2023-06-24
C0175,Customer 175,customer175@example.com,USA,2023-06-25
C0176,Customer 176,customer176@example.com,Canada,2023-06-26
C0177,Customer 177,customer177@example.com,UK,2023-06-27
C0178,Customer 178,customer178@example.com,Germany,2023-06-28
C0179,Customer 179,customer179@example.com,France,2023-06-29
C0180,Customer 180,customer180@example.com,USA,2023-06-30
C0181,Customer 181,customer181@example.com,Canada,2023-07-01
C0182,Customer 182,customer182@example.com,UK,2023-07-02
C0183,Customer 183,customer183@example.com,Germany,2023-07-03
C0184,Customer 184,customer184@example.com,France,2023-07-04
C0185,Customer 185,customer185@example.com,USA,2023-07-05
C0186,Customer 186,customer186@example.com,Canada,2023-07-06
C0187,Customer 187,customer187@example.com,UK,2023-07-07
C0188,Customer 188,customer188@example.com,Germany,2023-07-08
C0189,Customer 189,customer189@example.com,France,2023-07-09
C0190,Customer 190,customer190@example.com,USA,2023-07-10
C0191,Customer 191,customer191@example.com,Canada,2023-07-11
C0192,Customer 192,customer192@example.com,UK,2023-07-12
C0193,Customer 193,customer193@example.com,Germany,2023-07-13
C0194,Customer 194,customer194@example.com,France,2023-07-14
C0195,Customer 195,customer195@example.com,USA,2023-07-15
C0196,Customer 196,customer196@example.com,Canada,2023-07-16
C0197,Customer 197,customer197@example.com,UK,2023-07-17
C0198,Customer 198,customer198@example.com,Germany,2023-07-18
C0199,Customer 199,customer199@example.com,France,2023-07-19
C0200,Customer 200,customer200@example.com,USA,2023-07-20
C0201,Customer 201,customer201@example.com,Canada,2023-07-21
C0202,Customer 202,customer202@example.com,UK,2023-07-22
C0203,Customer 203,customer203@example.com,Germany,2023-07-23
C0204,Customer 204,customer204@example.com,France,2023-07-24
C0205,Customer 205,customer205@example.com,USA,2023-07-25
C0206,Customer 206,customer206@example.com,Canada,2023-07-26
C0207,Customer 207,customer207@example.com,UK,2023-07-27
C0208,Customer 208,customer208@example.com,Germany,2023-07-28
C0209,Customer 209,customer209@example.com,France,2023-07-29
C0210,Customer 210,customer210@example.com,USA,2023-07-30
C0211,Customer 211,customer211@example.com,Canada,2023-07-31
C0212,Customer 212,customer212@example.com,UK,2023-08-01
C0213,Customer 213,customer213@example.com,Germany,2023-08-02
C0214,Customer 214,customer214@example.com,France,2023-08-03
C0215,Customer 215,customer215@example.com,USA,2023-08-04
C0216,Customer 216,customer216@example.com,Canada,2023-08-05
C0217,Customer 217,customer217@example.com,UK,2023-08-06
C0218,Customer 218,customer218@example.com,Germany,2023-08-07
C0219,Customer 219,customer219@example.com,France,2023-08-08
C0220,Customer 220,customer220@example.com,USA,2023-08-09
C0221,Customer 221,customer221@example.com,Canada,2023-08-10
C0222,Customer 222,customer222@example.com,UK,2023-08-11
C0223,Customer 223,customer223@example.com,Germany,2023-08-12
C0224,Customer 224,customer224@example.com,France,2023-08-13
C0225,Customer 225,customer225@example.com,USA,2023-08-14
C0226,Customer 226,customer226@example.com,Canada,2023-08-15
C0227,Customer 227,customer227@example.com,UK,2023-08-16
C0228,Customer 228,customer228@example.com,Germany,2023-08-17
C0229,Customer 229,customer229@example.com,France,2023-08-18
C0230,Customer 230,customer230@example.com,USA,2023-08-19
C0231,Customer 231,customer231@example.com,Canada,2023-08-20
C0232,Customer 232,customer232@example.com,UK,2023-08-21
C0233,Customer 233,customer233@example.com,Germany,2023-08-22
C0234,Customer 234,customer234@example.com,France,2023-08-23
C0235,Customer 235,customer235@example.com,USA,2023-08-24
C0236,Customer 236,customer236@example.com,Canada,2023-08-25
C0237,Customer 237,customer237@example.com,UK,2023-08-26
C0238,Customer 238,customer238@example.com,Germany,2023-08-27
C0239,Customer 239,customer239@example.com,France,2023-08-28
C0240,Customer 240,customer240@example.com,USA,2023-08-29
C0241,Customer 241,customer241@example.com,Canada,2023-08-30
C0242,Customer 242,customer242@example.com,UK,2023-08-31
C0243,Customer 243,customer243@example.com,Germany,2023-09-01
C0244,Customer 244,customer244@example.com,France,2023-09-02
C0245,Customer 245,customer245@example.com,USA,2023-09-03
C0246,Customer 246,customer246@example.com,Canada,2023-09-04
C0247,Customer 247,customer247@example.com,UK,2023-09-05
C0248,Customer 248,customer248@example.com,Germany,2023-09-06
C0249,Customer 249,customer249@example.com,France,2023-09-07
C0250,Customer 250,customer250@example.com,USA,2023-09-08
C0251,Customer 251,customer251@example.com,Canada,2023-09-09
C0252,Customer 252,customer252@example.com,UK,2023-09-10
C0253,Customer 253,customer253@example.com,Germany,2023-09-11
C0254,Customer 254,customer254@example.com,France,2023-09-12
C0255,Customer 255,customer255@example.com,USA,2023-09-13
C0256,Customer 256,customer256@example.com,Canada,2023-09-14
C0257,Customer 257,customer257@example.com,UK,2023-09-15
C0258,Customer 258,customer258@example.com,Germany,2023-09-16
C0259,Customer 259,customer259@example.com,France,2023-09-17
C0260,Customer 260,customer260@example.com,USA,2023-09-18
C0261,Customer 261,customer261@example.com,Canada,2023-09-19
C0262,Customer 262,customer262@example.com,UK,2023-09-20
C0263,Customer 263,customer263@example.com,Germany,2023-09-21
C0264,Customer 264,customer264@example.com,France,2023-09-22
C0265,Customer 265,customer265@example.com,USA,2023-09-23
C0266,Customer 266,customer266@example.com,Canada,2023-09-24
C0267,Customer 267,customer267@example.com,UK,2023-09-25
C0268,Customer 268,customer268@example.com,Germany,2023-09-26
C0269,Customer 269,customer269@example.com,France,2023-09-27
C0270,Customer 270,customer270@example.com,USA,2023-09-28
C0271,Customer 271,customer271@example.com,Canada,2023-09-29
C0272,Customer 272,customer272@example.com,UK,2023-09-30
C0273,Customer 273,customer273@example.com,Germany,2023-10-01
C0274,Customer 274,customer274@example.com,France,2023-10-02
C0275,Customer 275,customer275@example.com,USA,2023-10-03
C0276,Customer 276,customer276@example.com,Canada,2023-10-04
C0277,Customer 277,customer277@example.com,UK,2023-10-05
C0278,Customer 278,customer278@example.com,Germany,2023-10-06
C0279,Customer 279,customer279@example.com,France,2023-10-07
C0280,Customer 280,customer280@example.com,USA,2023-10-08
C0281,Customer 281,customer281@example.com,Canada,2023-10-09
C0282,Customer 282,customer282@example.com,UK,2023-10-10
C0283,Customer 283,customer283@example.com,Germany,2023-10-11
C0284,Customer 284,customer284@example.com,France,2023-10-12
C0285,Customer 285,customer285@example.com,USA,2023-10-13
C0286,Customer 286,customer286@example.com,Canada,2023-10-14
C0287,Customer 287,customer287@example.com,UK,2023-10-15
C0288,Customer 288,customer288@example.com,Germany,2023-10-16
C0289,Customer 289,customer289@example.com,France,2023-10-17
C0290,Customer 290,customer290@example.com,USA,2023-10-18
C0291,Customer 291,customer291@example.com,Canada,2023-10-19
C0292,Customer 292,customer292@example.com,UK,2023-10-20
C0293,Customer 293,customer293@example.com,Germany,2023-10-21
C0294,Customer 294,customer294@example.com,France,2023-10-22
C0295,Customer 295,customer295@example.com,USA,2023-10-23
C0296,Customer 296,customer296@example.com,Canada,2023-10-24
C0297,Customer 297,customer297@example.com,UK,2023-10-25
C0298,Customer 298,customer298@example.com,Germany,2023-10-26
C0299,Customer 299,customer299@example.com,France,2023-10-27
C0300,Customer 300,customer300@example.com,USA,2023-10-28
C0301,Customer 301,customer301@example.com,Canada,2023-10-29
C0302,Customer 302,customer302@example.com,UK,2023-10-30
C0303,Customer 303,customer303@example.com,Germany,2023-10-31
C0304,Customer 304,customer304@example.com,France,2023-11-01
C0305,Customer 305,customer305@example.com,USA,2023-11-02
C0306,Customer 306,customer306@example.com,Canada,2023-11-03
C0307,Customer 307,customer307@example.com,UK,2023-11-04
C0308,Customer 308,customer308@example.com,Germany,2023-11-05
C0309,Customer 309,customer309@example.com,France,2023-11-06
C0310,Customer 310,customer310@example.com,USA,2023-11-07
C0311,Customer 311,customer311@example.com,Canada,2023-11-08
C0312,Customer 312,customer312@example.com,UK,2023-11-09
C0313,Customer 313,customer313@example.com,Germany,2023-11-10
C0314,Customer 314,customer314@example.com,France,2023-11-11
C0315,Customer 315,customer315@example.com,USA,2023-11-12
C0316,Customer 316,customer316@example.com,Canada,2023-11-13
C0317,Customer 317,customer317@example.com,UK,2023-11-14
C0318,Customer 318,customer318@example.com,Germany,2023-11-15
C0319,Customer 319,customer319@example.com,France,2023-11-16
C0320,Customer 320,customer320@example.com,USA,2023-11-17
C0321,Customer 321,customer321@example.com,Canada,2023-11-18
C0322,Customer 322,customer322@example.com,UK,2023-11-19
C0323,Customer 323,customer323@example.com,Germany,2023-11-20
C0324,Customer 324,customer324@example.com,France,2023-11-21
C0325,Customer 325,customer325@example.com,USA,2023-11-22
C0326,Customer 326,customer326@example.com,Canada,2023-11-23
C0327,Customer 327,customer327@example.com,UK,2023-11-24
C0328,Customer 328,customer328@example.com,Germany,2023-11-25
C0329,Customer 329,customer329@example.com,France,2023-11-26
C0330,Customer 330,customer330@example.com,USA,2023-11-27
C0331,Customer 331,customer331@example.com,Canada,2023-11-28
C0332,Customer 332,customer332@example.com,UK,2023-11-29
C0333,Customer 333,customer333@example.com,Germany,2023-11-30
C0334,Customer 334,customer334@example.com,France,2023-12-01
C0335,Customer 335,customer335@example.com,USA,2023-12-02
C0336,Customer 336,customer336@example.com,Canada,2023-12-03
C0337,Customer 337,customer337@example.com,UK,2023-12-04
C0338,Customer 338,customer338@example.com,Germany,2023-12-05
C0339,Customer 339,customer339@example.com,France,2023-12-06
C0340,Customer 340,customer340@example.com,USA,2023-12-07
C0341,Customer 341,customer341@example.com,Canada,2023-12-08
C0342,Customer 342,customer342@example.com,UK,2023-12-09
C0343,Customer 343,customer343@example.com,Germany,2023-12-10
C0344,Customer 344,customer344@example.com,France,2023-12-11
C0345,Customer 345,customer345@example.com,USA,2023-12-12
C0346,Customer 346,customer346@example.com,Canada,2023-12-13
C0347,Customer 347,customer347@example.com,UK,2023-12-14
C0348,Customer 348,customer348@example.com,Germany,2023-12-15
C0349,Customer 349,customer349@example.com,France,2023-12-16
C0350,Customer 350,customer350@example.com,USA,2023-12-17
C0351,Customer 351,customer351@example.com,Canada,2023-12-18
C0352,Customer 352,customer352@example.com,UK,2023-12-19
C0353,Customer 353,customer353@example.com,Germany,2023-12-20
C0354,Customer 354,customer354@example.com,France,2023-12-21
C0355,Customer 355,customer355@example.com,USA,2023-12-22
C0356,Customer 356,customer356@example.com,Canada,2023-12-23
C0357,Customer 357,customer357@example.com,UK,2023-12-24
C0358,Customer 358,customer358@example.com,Germany,2023-12-25
C0359,Customer 359,customer359@example.com,France,2023-12-26
C0360,Customer 360,customer360@example.com,USA,2023-12-27
C0361,Customer 361,customer361@example.com,Canada,2023-12-28
C0362,Customer 362,customer362@example.com,UK,2023-12-29
C0363,Customer 363,customer363@example.com,Germany,2023-12-30
C0364,Customer 364,customer364@example.com,France,2023-12-31
C0365,Customer 365,customer365@example.com,USA,2024-01-01
C0366,Customer 366,customer366@example.com,Canada,2024-01-02
C0367,Customer 367,customer367@example.com,UK,2024-01-03
C0368,Customer 368,customer368@example.com,Germany,2024-01-04
C0369,Customer 369,customer369@example.com,France,2024-01-05
C0370,Customer 370,customer370@example.com,USA,2024-01-06
C0371,Customer 371,customer371@example.com,Canada,2024-01-07
C0372,Customer 372,customer372@example.com,UK,2024-01-08
C0373,Customer 373,customer373@example.com,Germany,2024-01-09
C0374,Customer 374,customer374@example.com,France,2024-01-10
C0375,Customer 375,customer375@example.com,USA,2024-01-11
C0376,Customer 376,customer376@example.com,Canada,2024-01-12
C0377,Customer 377,customer377@example.com,UK,2024-01-13
C0378,Customer 378,customer378@example.com,Germany,2024-01-14
C0379,Customer 379,customer379@example.com,France,2024-01-15
C0380,Customer 380,customer380@example.com,USA,2024-01-16
C0381,Customer 381,customer381@example.com,Canada,2024-01-17
C0382,Customer 382,customer382@example.com,UK,2024-01-18
C0383,Customer 383,customer383@example.com,Germany,2024-01-19
C0384,Customer 384,customer384@example.com,France,2024-01-20
C0385,Customer 385,customer385@example.com,USA,2024-01-21
C0386,Customer 386,customer386@example.com,Canada,2024-01-22
C0387,Customer 387,customer387@example.com,UK,2024-01-23
C0388,Customer 388,customer388@example.com,Germany,2024-01-24
C0389,Customer 389,customer389@example.com,France,2024-01-25
C0390,Customer 390,customer390@example.com,USA,2024-01-26
C0391,Customer 391,customer391@example.com,Canada,2024-01-27
C0392,Customer 392,customer392@example.com,UK,2024-01-28
C0393,Customer 393,customer393@example.com,Germany,2024-01-29
C0394,Customer 394,customer394@example.com,France,2024-01-30
C0395,Customer 395,customer395@example.com,USA,2024-01-31
C0396,Customer 396,customer396@example.com,Canada,2024-02-01
C0397,Customer 397,customer397@example.com,UK,2024-02-02
C0398,Customer 398,customer398@example.com,Germany,2024-02-03
C0399,Customer 399,customer399@example.com,France,2024-02-04
C0400,Customer 400,customer400@example.com,USA,2024-02-05
C0401,Customer 401,customer401@example.com,Canada,2024-02-06
C0402,Customer 402,customer402@example.com,UK,2024-02-07
C0403,Customer 403,customer403@example.com,Germany,2024-02-08
C0404,Customer 404,customer404@example.com,France,2024-02-09
C0405,Customer 405,customer405@example.com,USA,2024-02-10
C0406,Customer 406,customer406@example.com,Canada,2024-02-11
C0407,Customer 407,customer407@example.com,UK,2024-02-12
C0408,Customer 408,customer408@example.com,Germany,2024-02-13
C0409,Customer 409,customer409@example.com,France,2024-02-14
C0410,Customer 410,customer410@example.com,USA,2024-02-15
C0411,Customer 411,customer411@example.com,Canada,2024-02-16
C0412,Customer 412,customer412@example.com,UK,2024-02-17
C0413,Customer 413,customer413@example.com,Germany,2024-02-18
C0414,Customer 414,customer414@example.com,France,2024-02-19
C0415,Customer 415,customer415@example.com,USA,2024-02-20
C0416,Customer 416,customer416@example.com,Canada,2024-02-21
C0417,Customer 417,customer417@example.com,UK,2024-02-22
C0418,Customer 418,customer418@example.com,Germany,2024-02-23
C0419,Customer 419,customer419@example.com,France,2024-02-24
C0420,Customer 420,customer420@example.com,USA,2024-02-25
C0421,Customer 421,customer421@example.com,Canada,2024-02-26
C0422,Customer 422,customer422@example.com,UK,2024-02-27
C0423,Customer 423,customer423@example.com,Germany,2024-02-28
C0424,Customer 424,customer424@example.com,France,2024-02-29
C0425,Customer 425,customer425@example.com,USA,2024-03-01
C0426,Customer 426,customer426@example.com,Canada,2024-03-02
C0427,Customer 427,customer427@example.com,UK,2024-03-03
C0428,Customer 428,customer428@example.com,Germany,2024-03-04
C0429,Customer 429,customer429@example.com,France,2024-03-05
C0430,Customer 430,customer430@example.com,USA,2024-03-06
C0431,Customer 431,customer431@example.com,Canada,2024-03-07
C0432,Customer 432,customer432@example.com,UK,2024-03-08
C0433,Customer 433,customer433@example.com,Germany,2024-03-09
C0434,Customer 434,customer434@example.com,France,2024-03-10
C0435,Customer 435,customer435@example.com,USA,2024-03-11
C0436,Customer 436,customer436@example.com,Canada,2024-03-12
C0437,Customer 437,customer437@example.com,UK,2024-03-13
C0438,Customer 438,customer438@example.com,Germany,2024-03-14
C0439,Customer 439,customer439@example.com,France,2024-03-15
C0440,Customer 440,customer440@example.com,USA,2024-03-16
C0441,Customer 441,customer441@example.com,Canada,2024-03-17
C0442,Customer 442,customer442@example.com,UK,2024-03-18
C0443,Customer 443,customer443@example.com,Germany,2024-03-19
C0444,Customer 444,customer444@example.com,France,2024-03-20
C0445,Customer 445,customer445@example.com,USA,2024-03-21
C0446,Customer 446,customer446@example.com,Canada,2024-03-22
C0447,Customer 447,customer447@example.com,UK,2024-03-23
C0448,Customer 448,customer448@example.com,Germany,2024-03-24
C0449,Customer 449,customer449@example.com,France,2024-03-25
C0450,Customer 450,customer450@example.com,USA,2024-03-26
C0451,Customer 451,customer451@example.com,Canada,2024-03-27
C0452,Customer 452,customer452@example.com,UK,2024-03-28
C0453,Customer 453,customer453@example.com,Germany,2024-03-29
C0454,Customer 454,customer454@example.com,France,2024-03-30
C0455,Customer 455,customer455@example.com,USA,2024-03-31
C0456,Customer 456,customer456@example.com,Canada,2024-04-01
C0457,Customer 457,customer457@example.com,UK,2024-04-02
C0458,Customer 458,customer458@example.com,Germany,2024-04-03
C0459,Customer 459,customer459@example.com,France,2024-04-04
C0460,Customer 460,customer460@example.com,USA,2024-04-05
C0461,Customer 461,customer461@example.com,Canada,2024-04-06
C0462,Customer 462,customer462@example.com,UK,2024-04-07
C0463,Customer 463,customer463@example.com,Germany,2024-04-08
C0464,Customer 464,customer464@example.com,France,2024-04-09
C0465,Customer 465,customer465@example.com,USA,2024-04-10
C0466,Customer 466,customer466@example.com,Canada,2024-04-11
C0467,Customer 467,customer467@example.com,UK,2024-04-12
C0468,Customer 468,customer468@example.com,Germany,2024-04-13
C0469,Customer 469,customer469@example.com,France,2024-04-14
C0470,Customer 470,customer470@example.com,USA,2024-04-15
C0471,Customer 471,customer471@example.com,Canada,2024-04-16
C0472,Customer 472,customer472@example.com,UK,2024-04-17
C0473,Customer 473,customer473@example.com,Germany,2024-04-18
C0474,Customer 474,customer474@example.com,France,2024-04-19
C0475,Customer 475,customer475@example.com,USA,2024-04-20
C0476,Customer 476,customer476@example.com,Canada,2024-04-21
C0477,Customer 477,customer477@example.com,UK,2024-04-22
C0478,Customer 478,customer478@example.com,Germany,2024-04-23
C0479,Customer 479,customer479@example.com,France,2024-04-24
C0480,Customer 480,customer480@example.com,USA,2024-04-25
C0481,Customer 481,customer481@example.com,Canada,2024-04-26
C0482,Customer 482,customer482@example.com,UK,2024-04-27
C0483,Customer 483,customer483@example.com,Germany,2024-04-28
C0484,Customer 484,customer484@example.com,France,2024-04-29
C0485,Customer 485,customer485@example.com,USA,2024-04-30
C0486,Customer 486,customer486@example.com,Canada,2024-05-01
C0487,Customer 487,customer487@example.com,UK,2024-05-02
C0488,Customer 488,customer488@example.com,Germany,2024-05-03
C0489,Customer 489,customer489@example.com,France,2024-05-04
C0490,Customer 490,customer490@example.com,USA,2024-05-05
C0491,Customer 491,customer491@example.com,Canada,2024-05-06
C0492,Customer 492,customer492@example.com,UK,2024-05-07
C0493,Customer 493,customer493@example.com,Germany,2024-05-08
C0494,Customer 494,customer494@example.com,France,2024-05-09
C0495,Customer 495,customer495@example.com,USA,2024-05-10
C0496,Customer 496,customer496@example.com,Canada,2024-05-11
C0497,Customer 497,customer497@example.com,UK,2024-05-12
C0498,Customer 498,customer498@example.com,Germany,2024-05-13
C0499,Customer 499,customer499@example.com,France,2024-05-14
C0500,Customer 500,customer500@example.com,USA,2024-05-15
C0501,Customer 501,customer501@example.com,Canada,2024-05-16
C0502,Customer 502,customer502@example.com,UK,2024-05-17
C0503,Customer 503,customer503@example.com,Germany,2024-05-18
C0504,Customer 504,customer504@example.com,France,2024-05-19
C0505,Customer 505,customer505@example.com,USA,2024-05-20
C0506,Customer 506,customer506@example.com,Canada,2024-05-21
C0507,Customer 507,customer507@example.com,UK,2024-05-22
C0508,Customer 508,customer508@example.com,Germany,2024-05-23
C0509,Customer 509,customer509@example.com,France,2024-05-24
C0510,Customer 510,customer510@example.com,USA,2024-05-25
C0511,Customer 511,customer511@example.com,Canada,2024-05-26
C0512,Customer 512,customer512@example.com,UK,2024-05-27
C0513,Customer 513,customer513@example.com,Germany,2024-05-28
C0514,Customer 514,customer514@example.com,France,2024-05-29
C0515,Customer 515,customer515@example.com,USA,2024-05-30
C0516,Customer 516,customer516@example.com,Canada,2024-05-31
C0517,Customer 517,customer517@example.com,UK,2024-06-01
C0518,Customer 518,customer518@example.com,Germany,2024-06-02
C0519,Customer 519,customer519@example.com,France,2024-06-03
C0520,Customer 520,customer520@example.com,USA,2024-06-04
C0521,Customer 521,customer521@example.com,Canada,2024-06-05
C0522,Customer 522,customer522@example.com,UK,2024-06-06
C0523,Customer 523,customer523@example.com,Germany,2024-06-07
C0524,Customer 524,customer524@example.com,France,2024-06-08
C0525,Customer 525,customer525@example.com,USA,2024-06-09
C0526,Customer 526,customer526@example.com,Canada,2024-06-10
C0527,Customer 527,customer527@example.com,UK,2024-06-11
C0528,Customer 528,customer528@example.com,Germany,2024-06-12
C0529,Customer 529,customer529@example.com,France,2024-06-13
C0530,Customer 530,customer530@example.com,USA,2024-06-14
C0531,Customer 531,customer531@example.com,Canada,2024-06-15
C0532,Customer 532,customer532@example.com,UK,2024-06-16
C0533,Customer 533,customer533@example.com,Germany,2024-06-17
C0534,Customer 534,customer534@example.com,France,2024-06-18
C0535,Customer 535,customer535@example.com,USA,2024-06-19
C0536,Customer 536,customer536@example.com,Canada,2024-06-20
C0537,Customer 537,customer537@example.com,UK,2024-06-21
C0538,Customer 538,customer538@example.com,Germany,2024-06-22
C0539,Customer 539,customer539@example.com,France,2024-06-23
C0540,Customer 540,customer540@example.com,USA,2024-06-24
C0541,Customer 541,customer541@example.com,Canada,2024-06-25
C0542,Customer 542,customer542@example.com,UK,2024-06-26
C0543,Customer 543,customer543@example.com,Germany,2024-06-27
C0544,Customer 544,customer544@example.com,France,2024-06-28
C0545,Customer 545,customer545@example.com,USA,2024-06-29
C0546,Customer 546,customer546@example.com,Canada,2024-06-30
C0547,Customer 547,customer547@example.com,UK,2024-07-01
C0548,Customer 548,customer548@example.com,Germany,2024-07-02
C0549,Customer 549,customer549@example.com,France,2024-07-03
C0550,Customer 550,customer550@example.com,USA,2024-07-04
C0551,Customer 551,customer551@example.com,Canada,2024-07-05
C0552,Customer 552,customer552@example.com,UK,2024-07-06
C0553,Customer 553,customer553@example.com,Germany,2024-07-07
C0554,Customer 554,customer554@example.com,France,2024-07-08
C0555,Customer 555,customer555@example.com,USA,2024-07-09
C0556,Customer 556,customer556@example.com,Canada,2024-07-10
C0557,Customer 557,customer557@example.com,UK,2024-07-11
C0558,Customer 558,customer558@example.com,Germany,2024-07-12
C0559,Customer 559,customer559@example.com,France,2024-07-13
C0560,Customer 560,customer560@example.com,USA,2024-07-14
C0561,Customer 561,customer561@example.com,Canada,2024-07-15
C0562,Customer 562,customer562@example.com,UK,2024-07-16
C0563,Customer 563,customer563@example.com,Germany,2024-07-17
C0564,Customer 564,customer564@example.com,France,2024-07-18
C0565,Customer 565,customer565@example.com,USA,2024-07-19
C0566,Customer 566,customer566@example.com,Canada,2024-07-20
C0567,Customer 567,customer567@example.com,UK,2024-07-21
C0568,Customer 568,customer568@example.com,Germany,2024-07-22
C0569,Customer 569,customer569@example.com,France,2024-07-23
C0570,Customer 570,customer570@example.com,USA,2024-07-24
C0571,Customer 571,customer571@example.com,Canada,2024-07-25
C0572,Customer 572,customer572@example.com,UK,2024-07-26
C0573,Customer 573,customer573@example.com,Germany,2024-07-27
C0574,Customer 574,customer574@example.com,France,2024-07-28
C0575,Customer 575,customer575@example.com,USA,2024-07-29
C0576,Customer 576,customer576@example.com,Canada,2024-07-30
C0577,Customer 577,customer577@example.com,UK,2024-07-31
C0578,Customer 578,customer578@example.com,Germany,2024-08-01
C0579,Customer 579,customer579@example.com,France,2024-08-02
C0580,Customer 580,customer580@example.com,USA,2024-08-03
C0581,Customer 581,customer581@example.com,Canada,2024-08-04
C0582,Customer 582,customer582@example.com,UK,2024-08-05
C0583,Customer 583,customer583@example.com,Germany,2024-08-06
C0584,Customer 584,customer584@example.com,France,2024-08-07
C0585,Customer 585,customer585@example.com,USA,2024-08-08
C0586,Customer 586,customer586@example.com,Canada,2024-08-09
C0587,Customer 587,customer587@example.com,UK,2024-08-10
C0588,Customer 588,customer588@example.com,Germany,2024-08-11
C0589,Customer 589,customer589@example.com,France,2024-08-12
C0590,Customer 590,customer590@example.com,USA,2024-08-13
C0591,Customer 591,customer591@example.com,Canada,2024-08-14
C0592,Customer 592,customer592@example.com,UK,2024-08-15
C0593,Customer 593,customer593@example.com,Germany,2024-08-16
C0594,Customer 594,customer594@example.com,France,2024-08-17
C0595,Customer 595,customer595@example.com,USA,2024-08-18
C0596,Customer 596,customer596@example.com,Canada,2024-08-19
C0597,Customer 597,customer597@example.com,UK,2024-08-20
C0598,Customer 598,customer598@example.com,Germany,2024-08-21
C0599,Customer 599,customer599@example.com,France,2024-08-22
C0600,Customer 600,customer600@example.com,USA,2024-08-23
C0601,Customer 601,customer601@example.com,Canada,2024-08-24
C0602,Customer 602,customer602@example.com,UK,2024-08-25
C0603,Customer 603,customer603@example.com,Germany,2024-08-26
C0604,Customer 604,customer604@example.com,France,2024-08-27
C0605,Customer 605,customer605@example.com,USA,2024-08-28
C0606,Customer 606,customer606@example.com,Canada,2024-08-29
C0607,Customer 607,customer607@example.com,UK,2024-08-30
C0608,Customer 608,customer608@example.com,Germany,2024-08-31
C0609,Customer 609,customer609@example.com,France,2024-09-01
C0610,Customer 610,customer610@example.com,USA,2024-09-02
C0611,Customer 611,customer611@example.com,Canada,2024-09-03
C0612,Customer 612,customer612@example.com,UK,2024-09-04
C0613,Customer 613,customer613@example.com,Germany,2024-09-05
C0614,Customer 614,customer614@example.com,France,2024-09-06
C0615,Customer 615,customer615@example.com,USA,2024-09-07
C0616,Customer 616,customer616@example.com,Canada,2024-09-08
C0617,Customer 617,customer617@example.com,UK,2024-09-09
C0618,Customer 618,customer618@example.com,Germany,2024-09-10
C0619,Customer 619,customer619@example.com,France,2024-09-11
C0620,Customer 620,customer620@example.com,USA,2024-09-12
C0621,Customer 621,customer621@example.com,Canada,2024-09-13
C0622,Customer 622,customer622@example.com,UK,2024-09-14
C0623,Customer 623,customer623@example.com,Germany,2024-09-15
C0624,Customer 624,customer624@example.com,France,2024-09-16
C0625,Customer 625,customer625@example.com,USA,2024-09-17
C0626,Customer 626,customer626@example.com,Canada,2024-09-18
C0627,Customer 627,customer627@example.com,UK,2024-09-19
C0628,Customer 628,customer628@example.com,Germany,2024-09-20
C0629,Customer 629,customer629@example.com,France,2024-09-21
C0630,Customer 630,customer630@example.com,USA,2024-09-22
C0631,Customer 631,customer631@example.com,Canada,2024-09-23
C0632,Customer 632,customer632@example.com,UK,2024-09-24
C0633,Customer 633,customer633@example.com,Germany,2024-09-25
C0634,Customer 634,customer634@example.com,France,2024-09-26
C0635,Customer 635,customer635@example.com,USA,2024-09-27
C0636,Customer 636,customer636@example.com,Canada,2024-09-28
C0637,Customer 637,customer637@example.com,UK,2024-09-29
C0638,Customer 638,customer638@example.com,Germany,2024-09-30
C0639,Customer 639,customer639@example.com,France,2024-10-01
C0640,Customer 640,customer640@example.com,USA,2024-10-02
C0641,Customer 641,customer641@example.com,Canada,2024-10-03
C0642,Customer 642,customer642@example.com,UK,2024-10-04
C0643,Customer 643,customer643@example.com,Germany,2024-10-05
C0644,Customer 644,customer644@example.com,France,2024-10-06
C0645,Customer 645,customer645@example.com,USA,2024-10-07
C0646,Customer 646,customer646@example.com,Canada,2024-10-08
C0647,Customer 647,customer647@example.com,UK,2024-10-09
C0648,Customer 648,customer648@example.com,Germany,2024-10-10
C0649,Customer 649,customer649@example.com,France,2024-10-11
C0650,Customer 650,customer650@example.com,USA,2024-10-12
C0651,Customer 651,customer651@example.com,Canada,2024-10-13
C0652,Customer 652,customer652@example.com,UK,2024-10-14
C0653,Customer 653,customer653@example.com,Germany,2024-10-15
C0654,Customer 654,customer654@example.com,France,2024-10-16
C0655,Customer 655,customer655@example.com,USA,2024-10-17
C0656,Customer 656,customer656@example.com,Canada,2024-10-18
C0657,Customer 657,customer657@example.com,UK,2024-10-19
C0658,Customer 658,customer658@example.com,Germany,2024-10-20
C0659,Customer 659,customer659@example.com,France,2024-10-21
C0660,Customer 660,customer660@example.com,USA,2024-10-22
C0661,Customer 661,customer661@example.com,Canada,2024-10-23
C0662,Customer 662,customer662@example.com,UK,2024-10-24
C0663,Customer 663,customer663@example.com,Germany,2024-10-25
C0664,Customer 664,customer664@example.com,France,2024-10-26
C0665,Customer 665,customer665@example.com,USA,2024-10-27
C0666,Customer 666,customer666@example.com,Canada,2024-10-28
C0667,Customer 667,customer667@example.com,UK,2024-10-29
C0668,Customer 668,customer668@example.com,Germany,2024-10-30
C0669,Customer 669,customer669@example.com,France,2024-10-31
C0670,Customer 670,customer670@example.com,USA,2024-11-01
C0671,Customer 671,customer671@example.com,Canada,2024-11-02
C0672,Customer 672,customer672@example.com,UK,2024-11-03
C0673,Customer 673,customer673@example.com,Germany,2024-11-04
C0674,Customer 674,customer674@example.com,France,2024-11-05
C0675,Customer 675,customer675@example.com,USA,2024-11-06
C0676,Customer 676,customer676@example.com,Canada,2024-11-07
C0677,Customer 677,customer677@example.com,UK,2024-11-08
C0678,Customer 678,customer678@example.com,Germany,2024-11-09
C0679,Customer 679,customer679@example.com,France,2024-11-10
C0680,Customer 680,customer680@example.com,USA,2024-11-11
C0681,Customer 681,customer681@example.com,Canada,2024-11-12
C0682,Customer 682,customer682@example.com,UK,2024-11-13
C0683,Customer 683,customer683@example.com,Germany,2024-11-14
C0684,Customer 684,customer684@example.com,France,2024-11-15
C0685,Customer 685,customer685@example.com,USA,2024-11-16
C0686,Customer 686,customer686@example.com,Canada,2024-11-17
C0687,Customer 687,customer687@example.com,UK,2024-11-18
C0688,Customer 688,customer688@example.com,Germany,2024-11-19
C0689,Customer 689,customer689@example.com,France,2024-11-20
C0690,Customer 690,customer690@example.com,USA,2024-11-21
C0691,Customer 691,customer691@example.com,Canada,2024-11-22
C0692,Customer 692,customer692@example.com,UK,2024-11-23
C0693,Customer 693,customer693@example.com,Germany,2024-11-24
C0694,Customer 694,customer694@example.com,France,2024-11-25
C0695,Customer 695,customer695@example.com,USA,2024-11-26
C0696,Customer 696,customer696@example.com,Canada,2024-11-27
C0697,Customer 697,customer697@example.com,UK,2024-11-28
C0698,Customer 698,customer698@example.com,Germany,2024-11-29
C0699,Customer 699,customer699@example.com,France,2024-11-30
C0700,Customer 700,customer700@example.com,USA,2024-12-01
C0701,Customer 701,customer701@example.com,Canada,2024-12-02
C0702,Customer 702,customer702@example.com,UK,2024-12-03
C0703,Customer 703,customer703@example.com,Germany,2024-12-04
C0704,Customer 704,customer704@example.com,France,2024-12-05
C0705,Customer 705,customer705@example.com,USA,2024-12-06
C0706,Customer 706,customer706@example.com,Canada,2024-12-07
C0707,Customer 707,customer707@example.com,UK,2024-12-08
C0708,Customer 708,customer708@example.com,Germany,2024-12-09
C0709,Customer 709,customer709@example.com,France,2024-12-10
C0710,Customer 710,customer710@example.com,USA,2024-12-11
C0711,Customer 711,customer711@example.com,Canada,2024-12-12
C0712,Customer 712,customer712@example.com,UK,2024-12-13
C0713,Customer 713,customer713@example.com,Germany,2024-12-14
C0714,Customer 714,customer714@example.com,France,2024-12-15
C0715,Customer 715,customer715@example.com,USA,2024-12-16
C0716,Customer 716,customer716@example.com,Canada,2024-12-17
C0717,Customer 717,customer717@example.com,UK,2024-12-18
C0718,Customer 718,customer718@example.com,Germany,2024-12-19
C0719,Customer 719,customer719@example.com,France,2024-12-20
C0720,Customer 720,customer720@example.com,USA,2024-12-21
C0721,Customer 721,customer721@example.com,Canada,2024-12-22
C0722,Customer 722,customer722@example.com,UK,2024-12-23
C0723,Customer 723,customer723@example.com,Germany,2024-12-24
C0724,Customer 724,customer724@example.com,France,2024-12-25
C0725,Customer 725,customer725@example.com,USA,2024-12-26
C0726,Customer 726,customer726@example.com,Canada,2024-12-27
C0727,Customer 727,customer727@example.com,UK,2024-12-28
C0728,Customer 728,customer728@example.com,Germany,2024-12-29
C0729,Customer 729,customer729@example.com,France,2024-12-30
C0730,Customer 730,customer730@example.com,USA,2024-12-31
C0731,Customer 731,customer731@example.com,Canada,2025-01-01
C0732,Customer 732,customer732@example.com,UK,2025-01-02
C0733,Customer 733,customer733@example.com,Germany,2025-01-03
C0734,Customer 734,customer734@example.com,France,2025-01-04
C0735,Customer 735,customer735@example.com,USA,2025-01-05
C0736,Customer 736,customer736@example.com,Canada,2025-01-06
C0737,Customer 737,customer737@example.com,UK,2025-01-07
C0738,Customer 738,customer738@example.com,Germany,2025-01-08
C0739,Customer 739,customer739@example.com,France,2025-01-09
C0740,Customer 740,customer740@example.com,USA,2025-01-10
C0741,Customer 741,customer741@example.com,Canada,2025-01-11
C0742,Customer 742,customer742@example.com,UK,2025-01-12
C0743,Customer 743,customer743@example.com,Germany,2025-01-13
C0744,Customer 744,customer744@example.com,France,2025-01-14
C0745,Customer 745,customer745@example.com,USA,2025-01-15
C0746,Customer 746,customer746@example.com,Canada,2025-01-16
C0747,Customer 747,customer747@example.com,UK,2025-01-17
C0748,Customer 748,customer748@example.com,Germany,2025-01-18
C0749,Customer 749,customer749@example.com,France,2025-01-19
C0750,Customer 750,customer750@example.com,USA,2025-01-20
C0751,Customer 751,customer751@example.com,Canada,2025-01-21
C0752,Customer 752,customer752@example.com,UK,2025-01-22
C0753,Customer 753,customer753@example.com,Germany,2025-01-23
C0754,Customer 754,customer754@example.com,France,2025-01-24
C0755,Customer 755,customer755@example.com,USA,2025-01-25
C0756,Customer 756,customer756@example.com,Canada,2025-01-26
C0757,Customer 757,customer757@example.com,UK,2025-01-27
C0758,Customer 758,customer758@example.com,Germany,2025-01-28
C0759,Customer 759,customer759@example.com,France,2025-01-29
C0760,Customer 760,customer760@example.com,USA,2025-01-30
C0761,Customer 761,customer761@example.com,Canada,2025-01-31
C0762,Customer 762,customer762@example.com,UK,2025-02-01
C0763,Customer 763,customer763@example.com,Germany,2025-02-02
C0764,Customer 764,customer764@example.com,France,2025-02-03
C0765,Customer 765,customer765@example.com,USA,2025-02-04
C0766,Customer 766,customer766@example.com,Canada,2025-02-05
C0767,Customer 767,customer767@example.com,UK,2025-02-06
C0768,Customer 768,customer768@example.com,Germany,2025-02-07
C0769,Customer 769,customer769@example.com,France,2025-02-08
C0770,Customer 770,customer770@example.com,USA,2025-02-09
C0771,Customer 771,customer771@example.com,Canada,2025-02-10
C0772,Customer 772,customer772@example.com,UK,2025-02-11
C0773,Customer 773,customer773@example.com,Germany,2025-02-12
C0774,Customer 774,customer774@example.com,France,2025-02-13
C0775,Customer 775,customer775@example.com,USA,2025-02-14
C0776,Customer 776,customer776@example.com,Canada,2025-02-15
C0777,Customer 777,customer777@example.com,UK,2025-02-16
C0778,Customer 778,customer778@example.com,Germany,2025-02-17
C0779,Customer 779,customer779@example.com,France,2025-02-18
C0780,Customer 780,customer780@example.com,USA,2025-02-19
C0781,Customer 781,customer781@example.com,Canada,2025-02-20
C0782,Customer 782,customer782@example.com,UK,2025-02-21
C0783,Customer 783,customer783@example.com,Germany,2025-02-22
C0784,Customer 784,customer784@example.com,France,2025-02-23
C0785,Customer 785,customer785@example.com,USA,2025-02-24
C0786,Customer 786,customer786@example.com,Canada,2025-02-25
C0787,Customer 787,customer787@example.com,UK,2025-02-26
C0788,Customer 788,customer788@example.com,Germany,2025-02-27
C0789,Customer 789,customer789@example.com,France,2025-02-28
C0790,Customer 790,customer790@example.com,USA,2025-03-01
C0791,Customer 791,customer791@example.com,Canada,2025-03-02
C0792,Customer 792,customer792@example.com,UK,2025-03-03
C0793,Customer 793,customer793@example.com,Germany,2025-03-04
C0794,Customer 794,customer794@example.com,France,2025-03-05
C0795,Customer 795,customer795@example.com,USA,2025-03-06
C0796,Customer 796,customer796@example.com,Canada,2025-03-07
C0797,Customer 797,customer797@example.com,UK,2025-03-08
C0798,Customer 798,customer798@example.com,Germany,2025-03-09
C0799,Customer 799,customer799@example.com,France,2025-03-10
C0800,Customer 800,customer800@example.com,USA,2025-03-11
C0801,Customer 801,customer801@example.com,Canada,2025-03-12
C0802,Customer 802,customer802@example.com,UK,2025-03-13
C0803,Customer 803,customer803@example.com,Germany,2025-03-14
C0804,Customer 804,customer804@example.com,France,2025-03-15
C0805,Customer 805,customer805@example.com,USA,2025-03-16
C0806,Customer 806,customer806@example.com,Canada,2025-03-17
C0807,Customer 807,customer807@example.com,UK,2025-03-18
C0808,Customer 808,customer808@example.com,Germany,2025-03-19
C0809,Customer 809,customer809@example.com,France,2025-03-20
C0810,Customer 810,customer810@example.com,USA,2025-03-21
C0811,Customer 811,customer811@example.com,Canada,2025-03-22
C0812,Customer 812,customer812@example.com,UK,2025-03-23
C0813,Customer 813,customer813@example.com,Germany,2025-03-24
C0814,Customer 814,customer814@example.com,France,2025-03-25
C0815,Customer 815,customer815@example.com,USA,2025-03-26
C0816,Customer 816,customer816@example.com,Canada,2025-03-27
C0817,Customer 817,customer817@example.com,UK,2025-03-28
C0818,Customer 818,customer818@example.com,Germany,2025-03-29
C0819,Customer 819,customer819@example.com,France,2025-03-30
C0820,Customer 820,customer820@example.com,USA,2025-03-31
C0821,Customer 821,customer821@example.com,Canada,2025-04-01
C0822,Customer 822,customer822@example.com,UK,2025-04-02
C0823,Customer 823,customer823@example.com,Germany,2025-04-03
C0824,Customer 824,customer824@example.com,France,2025-04-04
C0825,Customer 825,customer825@example.com,USA,2025-04-05
C0826,Customer 826,customer826@example.com,Canada,2025-04-06
C0827,Customer 827,customer827@example.com,UK,2025-04-07
C0828,Customer 828,customer828@example.com,Germany,2025-04-08
C0829,Customer 829,customer829@example.com,France,2025-04-09
C0830,Customer 830,customer830@example.com,USA,2025-04-10
C0831,Customer 831,customer831@example.com,Canada,2025-04-11
C0832,Customer 832,customer832@example.com,UK,2025-04-12
C0833,Customer 833,customer833@example.com,Germany,2025-04-13
C0834,Customer 834,customer834@example.com,France,2025-04-14
C0835,Customer 835,customer835@example.com,USA,2025-04-15
C0836,Customer 836,customer836@example.com,Canada,2025-04-16
C0837,Customer 837,customer837@example.com,UK,2025-04-17
C0838,Customer 838,customer838@example.com,Germany,2025-04-18
C0839,Customer 839,customer839@example.com,France,2025-04-19
C0840,Customer 840,customer840@example.com,USA,2025-04-20
C0841,Customer 841,customer841@example.com,Canada,2025-04-21
C0842,Customer 842,customer842@example.com,UK,2025-04-22
C0843,Customer 843,customer843@example.com,Germany,2025-04-23
C0844,Customer 844,customer844@example.com,France,2025-04-24
C0845,Customer 845,customer845@example.com,USA,2025-04-25
C0846,Customer 846,customer846@example.com,Canada,2025-04-26
C0847,Customer 847,customer847@example.com,UK,2025-04-27
C0848,Customer 848,customer848@example.com,Germany,2025-04-28
C0849,Customer 849,customer849@example.com,France,2025-04-29
C0850,Customer 850,customer850@example.com,USA,2025-04-30
C0851,Customer 851,customer851@example.com,Canada,2025-05-01
C0852,Customer 852,customer852@example.com,UK,2025-05-02
C0853,Customer 853,customer853@example.com,Germany,2025-05-03
C0854,Customer 854,customer854@example.com,France,2025-05-04
C0855,Customer 855,customer855@example.com,USA,2025-05-05
C0856,Customer 856,customer856@example.com,Canada,2025-05-06
C0857,Customer 857,customer857@example.com,UK,2025-05-07
C0858,Customer 858,customer858@example.com,Germany,2025-05-08
C0859,Customer 859,customer859@example.com,France,2025-05-09
C0860,Customer 860,customer860@example.com,USA,2025-05-10
C0861,Customer 861,customer861@example.com,Canada,2025-05-11
C0862,Customer 862,customer862@example.com,UK,2025-05-12
C0863,Customer 863,customer863@example.com,Germany,2025-05-13
C0864,Customer 864,customer864@example.com,France,2025-05-14
C0865,Customer 865,customer865@example.com,USA,2025-05-15
C0866,Customer 866,customer866@example.com,Canada,2025-05-16
C0867,Customer 867,customer867@example.com,UK,2025-05-17
C0868,Customer 868,customer868@example.com,Germany,2025-05-18
C0869,Customer 869,customer869@example.com,France,2025-05-19
C0870,Customer 870,customer870@example.com,USA,2025-05-20
C0871,Customer 871,customer871@example.com,Canada,2025-05-21
C0872,Customer 872,customer872@example.com,UK,2025-05-22
C0873,Customer 873,customer873@example.com,Germany,2025-05-23
C0874,Customer 874,customer874@example.com,France,2025-05-24
C0875,Customer 875,customer875@example.com,USA,2025-05-25
C0876,Customer 876,customer876@example.com,Canada,2025-05-26
C0877,Customer 877,customer877@example.com,UK,2025-05-27
C0878,Customer 878,customer878@example.com,Germany,2025-05-28
C0879,Customer 879,customer879@example.com,France,2025-05-29
C0880,Customer 880,customer880@example.com,USA,2025-05-30
C0881,Customer 881,customer881@example.com,Canada,2025-05-31
C0882,Customer 882,customer882@example.com,UK,2025-06-01
C0883,Customer 883,customer883@example.com,Germany,2025-06-02
C0884,Customer 884,customer884@example.com,France,2025-06-03
C0885,Customer 885,customer885@example.com,USA,2025-06-04
C0886,Customer 886,customer886@example.com,Canada,2025-06-05
C0887,Customer 887,customer887@example.com,UK,2025-06-06
C0888,Customer 888,customer888@example.com,Germany,2025-06-07
C0889,Customer 889,customer889@example.com,France,2025-06-08
C0890,Customer 890,customer890@example.com,USA,2025-06-09
C0891,Customer 891,customer891@example.com,Canada,2025-06-10
C0892,Customer 892,customer892@example.com,UK,2025-06-11
C0893,Customer 893,customer893@example.com,Germany,2025-06-12
C0894,Customer 894,customer894@example.com,France,2025-06-13
C0895,Customer 895,customer895@example.com,USA,2025-06-14
C0896,Customer 896,customer896@example.com,Canada,2025-06-15
C0897,Customer 897,customer897@example.com,UK,2025-06-16
C0898,Customer 898,customer898@example.com,Germany,2025-06-17
C0899,Customer 899,customer899@example.com,France,2025-06-18
C0900,Customer 900,customer900@example.com,USA,2025-06-19
C0901,Customer 901,customer901@example.com,Canada,2025-06-20
C0902,Customer 902,customer902@example.com,UK,2025-06-21
C0903,Customer 903,customer903@example.com,Germany,2025-06-22
C0904,Customer 904,customer904@example.com,France,2025-06-23
C0905,Customer 905,customer905@example.com,USA,2025-06-24
C0906,Customer 906,customer906@example.com,Canada,2025-06-25
C0907,Customer 907,customer907@example.com,UK,2025-06-26
C0908,Customer 908,customer908@example.com,Germany,2025-06-27
C0909,Customer 909,customer909@example.com,France,2025-06-28
C0910,Customer 910,customer910@example.com,USA,2025-06-29
C0911,Customer 911,customer911@example.com,Canada,2025-06-30
C0912,Customer 912,customer912@example.com,UK,2025-07-01
C0913,Customer 913,customer913@example.com,Germany,2025-07-02
C0914,Customer 914,customer914@example.com,France,2025-07-03
C0915,Customer 915,customer915@example.com,USA,2025-07-04
C0916,Customer 916,customer916@example.com,Canada,2025-07-05
C0917,Customer 917,customer917@example.com,UK,2025-07-06
C0918,Customer 918,customer918@example.com,Germany,2025-07-07
C0919,Customer 919,customer919@example.com,France,2025-07-08
C0920,Customer 920,customer920@example.com,USA,2025-07-09
C0921,Customer 921,customer921@example.com,Canada,2025-07-10
C0922,Customer 922,customer922@example.com,UK,2025-07-11
C0923,Customer 923,customer923@example.com,Germany,2025-07-12
C0924,Customer 924,customer924@example.com,France,2025-07-13
C0925,Customer 925,customer925@example.com,USA,2025-07-14
C0926,Customer 926,customer926@example.com,Canada,2025-07-15
C0927,Customer 927,customer927@example.com,UK,2025-07-16
C0928,Customer 928,customer928@example.com,Germany,2025-07-17
C0929,Customer 929,customer929@example.com,France,2025-07-18
C0930,Customer 930,customer930@example.com,USA,2025-07-19
C0931,Customer 931,customer931@example.com,Canada,2025-07-20
C0932,Customer 932,customer932@example.com,UK,2025-07-21
C0933,Customer 933,customer933@example.com,Germany,2025-07-22
C0934,Customer 934,customer934@example.com,France,2025-07-23
C0935,Customer 935,customer935@example.com,USA,2025-07-24
C0936,Customer 936,customer936@example.com,Canada,2025-07-25
C0937,Customer 937,customer937@example.com,UK,2025-07-26
C0938,Customer 938,customer938@example.com,Germany,2025-07-27
C0939,Customer 939,customer939@example.com,France,2025-07-28
C0940,Customer 940,customer940@example.com,USA,2025-07-29
C0941,Customer 941,customer941@example.com,Canada,2025-07-30
C0942,Customer 942,customer942@example.com,UK,2025-07-31
C0943,Customer 943,customer943@example.com,Germany,2025-08-01
C0944,Customer 944,customer944@example.com,France,2025-08-02
C0945,Customer 945,customer945@example.com,USA,2025-08-03
C0946,Customer 946,customer946@example.com,Canada,2025-08-04
C0947,Customer 947,customer947@example.com,UK,2025-08-05
C0948,Customer 948,customer948@example.com,Germany,2025-08-06
C0949,Customer 949,customer949@example.com,France,2025-08-07
C0950,Customer 950,customer950@example.com,USA,2025-08-08
C0951,Customer 951,customer951@example.com,Canada,2025-08-09
C0952,Customer 952,customer952@example.com,UK,2025-08-10
C0953,Customer 953,customer953@example.com,Germany,2025-08-11
C0954,Customer 954,customer954@example.com,France,2025-08-12
C0955,Customer 955,customer955@example.com,USA,2025-08-13
C0956,Customer 956,customer956@example.com,Canada,2025-08-14
C0957,Customer 957,customer957@example.com,UK,2025-08-15
C0958,Customer 958,customer958@example.com,Germany,2025-08-16
C0959,Customer 959,customer959@example.com,France,2025-08-17
C0960,Customer 960,customer960@example.com,USA,2025-08-18
C0961,Customer 961,customer961@example.com,Canada,2025-08-19
C0962,Customer 962,customer962@example.com,UK,2025-08-20
C0963,Customer 963,customer963@example.com,Germany,2025-08-21
C0964,Customer 964,customer964@example.com,France,2025-08-22
C0965,Customer 965,customer965@example.com,USA,2025-08-23
C0966,Customer 966,customer966@example.com,Canada,2025-08-24
C0967,Customer 967,customer967@example.com,UK,2025-08-25
C0968,Customer 968,customer968@example.com,Germany,2025-08-26
C0969,Customer 969,customer969@example.com,France,2025-08-27
C0970,Customer 970,customer970@example.com,USA,2025-08-28
C0971,Customer 971,customer971@example.com,Canada,2025-08-29
C0972,Customer 972,customer972@example.com,UK,2025-08-30
C0973,Customer 973,customer973@example.com,Germany,2025-08-31
C0974,Customer 974,customer974@example.com,France,2025-09-01
C0975,Customer 975,customer975@example.com,USA,2025-09-02
C0976,Customer 976,customer976@example.com,Canada,2025-09-03
C0977,Customer 977,customer977@example.com,UK,2025-09-04
C0978,Customer 978,customer978@example.com,Germany,2025-09-05
C0979,Customer 979,customer979@example.com,France,2025-09-06
C0980,Customer 980,customer980@example.com,USA,2025-09-07
C0981,Customer 981,customer981@example.com,Canada,2025-09-08
C0982,Customer 982,customer982@example.com,UK,2025-09-09
C0983,Customer 983,customer983@example.com,Germany,2025-09-10
C0984,Customer 984,customer984@example.com,France,2025-09-11
C0985,Customer 985,customer985@example.com,USA,2025-09-12
C0986,Customer 986,customer986@example.com,Canada,2025-09-13
C0987,Customer 987,customer987@example.com,UK,2025-09-14
C0988,Customer 988,customer988@example.com,Germany,2025-09-15
C0989,Customer 989,customer989@example.com,France,2025-09-16
C0990,Customer 990,customer990@example.com,USA,2025-09-17
C0991,Customer 991,customer991@example.com,Canada,2025-09-18
C0992,Customer 992,customer992@example.com,UK,2025-09-19
C0993,Customer 993,customer993@example.com,Germany,2025-09-20
C0994,Customer 994,customer994@example.com,France,2025-09-21
C0995,Customer 995,customer995@example.com,USA,2025-09-22
C0996,Customer 996,customer996@example.com,Canada,2025-09-23
C0997,Customer 997,customer997@example.com,UK,2025-09-24
C0998,Customer 998,customer998@example.com,Germany,2025-09-25
C0999,Customer 999,customer999@example.com,France,2025-09-26
C1000,Customer 1000,customer1000@example.com,USA,2025-09-27
